[
  {
    "inputs": [
      { "internalType": "uint256", "name": "coinFlipID", "type": "uint256" }
    ],
    "name": "endCoinFlip",
    "outputs": [],
    "stateMutability": "payable",
    "type": "function"
  },
  {
    "anonymous": false,
    "inputs": [
      {
        "indexed": true,
        "internalType": "uint256",
        "name": "theCoinFlipID",
        "type": "uint256"
      },
      {
        "indexed": true,
        "internalType": "address",
        "name": "winner",
        "type": "address"
      },
      {
        "indexed": true,
        "internalType": "address",
        "name": "loser",
        "type": "address"
      },
      {
        "indexed": false,
        "internalType": "bool",
        "name": "isActive",
        "type": "bool"
      }
    ],
    "name": "FinishedCoinFlip",
    "type": "event"
  },
  {
    "inputs": [],
    "name": "newCoinFlip",
    "outputs": [
      { "internalType": "uint256", "name": "coinFlipID", "type": "uint256" }
    ],
    "stateMutability": "payable",
    "type": "function"
  },
  {
    "anonymous": false,
    "inputs": [
      {
        "indexed": true,
        "internalType": "uint256",
        "name": "theCoinFlipID",
        "type": "uint256"
      },
      {
        "indexed": true,
        "internalType": "address",
        "name": "theBetStarter",
        "type": "address"
      },
      {
        "indexed": false,
        "internalType": "uint256",
        "name": "theStartingWager",
        "type": "uint256"
      },
      {
        "indexed": false,
        "internalType": "bool",
        "name": "isActive",
        "type": "bool"
      }
    ],
    "name": "StartedCoinFlip",
    "type": "event"
  },
  {
    "inputs": [{ "internalType": "uint256", "name": "", "type": "uint256" }],
    "name": "EtherCoinFlipStructs",
    "outputs": [
      { "internalType": "uint256", "name": "ID", "type": "uint256" },
      {
        "internalType": "address payable",
        "name": "betStarter",
        "type": "address"
      },
      { "internalType": "uint256", "name": "startingWager", "type": "uint256" },
      {
        "internalType": "address payable",
        "name": "betEnder",
        "type": "address"
      },
      { "internalType": "uint256", "name": "endingWager", "type": "uint256" },
      { "internalType": "uint256", "name": "etherTotal", "type": "uint256" },
      {
        "internalType": "address payable",
        "name": "winner",
        "type": "address"
      },
      { "internalType": "address payable", "name": "loser", "type": "address" },
      { "internalType": "bool", "name": "isActive", "type": "bool" }
    ],
    "stateMutability": "view",
    "type": "function"
  },
  {
    "inputs": [],
    "name": "getActiveCoinFlips",
    "outputs": [
      {
        "components": [
          { "internalType": "uint256", "name": "ID", "type": "uint256" },
          {
            "internalType": "address payable",
            "name": "betStarter",
            "type": "address"
          },
          {
            "internalType": "uint256",
            "name": "startingWager",
            "type": "uint256"
          },
          {
            "internalType": "address payable",
            "name": "betEnder",
            "type": "address"
          },
          {
            "internalType": "uint256",
            "name": "endingWager",
            "type": "uint256"
          },
          {
            "internalType": "uint256",
            "name": "etherTotal",
            "type": "uint256"
          },
          {
            "internalType": "address payable",
            "name": "winner",
            "type": "address"
          },
          {
            "internalType": "address payable",
            "name": "loser",
            "type": "address"
          },
          { "internalType": "bool", "name": "isActive", "type": "bool" }
        ],
        "internalType": "struct EtherCoinFlip.EtherCoinFlipStruct[]",
        "name": "",
        "type": "tuple[]"
      }
    ],
    "stateMutability": "view",
    "type": "function"
  }
]
